{
  "_app.jsx -> @/layout/canvas": {
    "id": 2004,
    "files": [
      "static/chunks/ee9ce975.5104cfa14f522b8e.js",
      "static/chunks/625.8274183d6c57d97c.js",
      "static/chunks/552.0e2dae5af77ad3e8.js",
      "static/chunks/4.d7be1ca77d2018f5.js"
    ]
  },
  "index.jsx -> @/components/Canvas/HomeScene": {
    "id": 8468,
    "files": [
      "static/chunks/4bdf9057.66795c14bf345bb9.js",
      "static/chunks/a908dc70.7e856908fb300dae.js",
      "static/chunks/625.8274183d6c57d97c.js",
      "static/chunks/843.994dc18cb0dda1e1.js",
      "static/chunks/348.5d3886271833eb5e.js",
      "static/chunks/435.bbf473890d5ce1ad.js",
      "static/chunks/407.d70e1952e1fefb11.js",
      "static/chunks/468.dd9f1eb3e0326a0f.js"
    ]
  },
  "works/[work].jsx -> @/components/Canvas/WorkScene": {
    "id": 4447,
    "files": [
      "static/chunks/4bdf9057.66795c14bf345bb9.js",
      "static/chunks/a908dc70.7e856908fb300dae.js",
      "static/chunks/625.8274183d6c57d97c.js",
      "static/chunks/843.994dc18cb0dda1e1.js",
      "static/chunks/348.5d3886271833eb5e.js",
      "static/chunks/407.d70e1952e1fefb11.js",
      "static/chunks/447.a2a8e8129d0dc0e4.js"
    ]
  },
  "works/index.jsx -> @/components/Canvas/WorksScene": {
    "id": 6589,
    "files": [
      "static/chunks/4bdf9057.66795c14bf345bb9.js",
      "static/chunks/625.8274183d6c57d97c.js",
      "static/chunks/843.994dc18cb0dda1e1.js",
      "static/chunks/407.d70e1952e1fefb11.js",
      "static/chunks/589.9e9ec4bc13d3547c.js"
    ]
  }
}